"","Chemotherapy","Targeted","Hormone","Immunotherapy"
"Chemotherapy",0,0.406568221301617,0.0946780583265715,0.236331121509666
"Targeted",0.406568221301617,0,0.295112405135793,0.226732701749003
"Hormone",0.0946780583265715,0.295112405135793,0,0.0146373504142375
"Immunotherapy",0.236331121509666,0.226732701749003,0.0146373504142375,0
