"","Hormone","Targeted","Chemotherapy","Immunotherapy"
"Hormone",0,0.310956986236457,0.101647748077627,0.016269628295909
"Targeted",0.310956986236457,0,0.420034728921474,0.24681878776337
"Chemotherapy",0.101647748077627,0.420034728921474,0,0.243434151070792
"Immunotherapy",0.016269628295909,0.24681878776337,0.243434151070792,0
