"","Chemotherapy","Targeted","Hormone","Immunotherapy"
"Chemotherapy",0,0.420035624100908,0.101647748077627,0.243429822890878
"Targeted",0.420035624100908,0,0.310956986236457,0.246823115943284
"Hormone",0.101647748077627,0.310956986236457,0,0.016269628295909
"Immunotherapy",0.243429822890878,0.246823115943284,0.016269628295909,0
