"","Hormone","Targeted","Chemotherapy","Immunotherapy"
"Hormone",0,0.310956986236457,0.101647748077627,0.0162693466292718
"Targeted",0.310956986236457,0,0.420035222626447,0.246823170942834
"Chemotherapy",0.101647748077627,0.420035222626447,0,0.243438592846508
"Immunotherapy",0.0162693466292718,0.246823170942834,0.243438592846508,0
