"","Chemotherapy","Targeted","Hormone","Immunotherapy"
"Chemotherapy",0,0.406534648503729,0.094652130746907,0.236338444131212
"Targeted",0.406534648503729,0,0.295082671452574,0.226735322037799
"Hormone",0.094652130746907,0.295082671452574,0,0.0146372100605049
"Immunotherapy",0.236338444131212,0.226735322037799,0.0146372100605049,0
